Fecha,Hora,Tipo,Brazo,Numero,Tiempo_Segundos
2026-04-28,14:18:11,BRAZO_ACTIVO,Alpha,,
2026-04-28,14:18:11,BRAZO_ACTIVO,Alpha,,
2026-04-28,14:18:12,BRAZO_ACTIVO,Omega,,
2026-04-28,14:18:13,BRAZO_ACTIVO,Beta,,
2026-04-28,14:18:40,BRAZO_INACTIVO,Beta,,24,40
2026-04-28,14:18:40,BRAZO_INACTIVO,Alpha,,26,75
2026-04-28,14:18:44,BRAZO_ACTIVO,Paletizador,,
2026-04-28,14:18:45,BRAZO_INACTIVO,Omega,,29,87
2026-04-28,14:18:47,DRON,,1,32,87
2026-04-28,14:18:47,BRAZO_ACTIVO,Alpha,,
2026-04-28,14:18:49,BRAZO_ACTIVO,Omega,,
2026-04-28,14:18:50,BRAZO_ACTIVO,Beta,,
2026-04-28,14:18:52,BRAZO_INACTIVO,Paletizador,,6,31
2026-04-28,14:18:52,CAJA,,1,
2026-04-28,14:19:16,BRAZO_INACTIVO,Beta,,22,76
2026-04-28,14:19:16,BRAZO_INACTIVO,Alpha,,25,44
2026-04-28,14:19:22,BRAZO_INACTIVO,Omega,,29,77
2026-04-28,14:19:22,BRAZO_ACTIVO,Paletizador,,
2026-04-28,14:19:24,DRON,,2,32,45
2026-04-28,14:19:24,BRAZO_ACTIVO,Alpha,,
2026-04-28,14:19:26,BRAZO_ACTIVO,Omega,,
2026-04-28,14:19:27,BRAZO_ACTIVO,Beta,,
2026-04-28,14:19:29,BRAZO_INACTIVO,Paletizador,,4,72
2026-04-28,14:19:29,CAJA,,2,
2026-04-28,14:19:53,BRAZO_INACTIVO,Beta,,23,01
2026-04-28,14:19:54,BRAZO_INACTIVO,Alpha,,25,78
2026-04-28,14:19:59,BRAZO_INACTIVO,Omega,,29,41
2026-04-28,14:19:59,BRAZO_ACTIVO,Paletizador,,
2026-04-28,14:20:00,DRON,,3,31,96
2026-04-28,14:20:00,BRAZO_ACTIVO,Alpha,,
2026-04-28,14:20:02,BRAZO_ACTIVO,Omega,,
2026-04-28,14:20:03,BRAZO_ACTIVO,Beta,,
2026-04-28,14:20:07,BRAZO_INACTIVO,Paletizador,,5,99
2026-04-28,14:20:07,CAJA,,3,
2026-04-28,14:20:29,BRAZO_INACTIVO,Alpha,,24,97
2026-04-28,14:20:29,BRAZO_INACTIVO,Beta,,22,69
2026-04-28,14:20:35,BRAZO_INACTIVO,Omega,,29,52
2026-04-28,14:20:35,BRAZO_ACTIVO,Paletizador,,
2026-04-28,14:20:36,DRON,,4,31,99
2026-04-28,14:20:36,BRAZO_ACTIVO,Alpha,,
2026-04-28,14:20:38,BRAZO_ACTIVO,Omega,,
2026-04-28,14:20:40,BRAZO_ACTIVO,Beta,,
2026-04-28,14:20:43,BRAZO_INACTIVO,Paletizador,,6,00
2026-04-28,14:20:43,CAJA,,4,
2026-04-28,14:21:05,BRAZO_INACTIVO,Alpha,,24,95
2026-04-28,14:21:05,BRAZO_INACTIVO,Beta,,22,66
2026-04-28,14:21:11,BRAZO_INACTIVO,Omega,,29,21
2026-04-28,14:21:11,BRAZO_ACTIVO,Paletizador,,
2026-04-28,14:21:12,DRON,,5,31,68
2026-04-28,14:21:13,BRAZO_ACTIVO,Alpha,,
2026-04-28,14:21:14,BRAZO_ACTIVO,Omega,,
2026-04-28,14:21:16,BRAZO_ACTIVO,Beta,,
2026-04-28,14:21:18,BRAZO_INACTIVO,Paletizador,,4,93
2026-04-28,14:21:18,CAJA,,5,
2026-04-28,14:21:41,BRAZO_INACTIVO,Beta,,22,12
2026-04-28,14:21:42,BRAZO_INACTIVO,Alpha,,25,38
2026-04-28,14:21:48,BRAZO_INACTIVO,Omega,,29,30
2026-04-28,14:21:48,BRAZO_ACTIVO,Paletizador,,
2026-04-28,14:21:49,DRON,,6,31,79
2026-04-28,14:21:49,BRAZO_ACTIVO,Alpha,,
2026-04-28,14:21:51,BRAZO_ACTIVO,Omega,,
2026-04-28,14:21:52,BRAZO_ACTIVO,Beta,,
2026-04-28,14:21:54,BRAZO_INACTIVO,Paletizador,,4,59
2026-04-28,14:21:54,CAJA,,6,
2026-04-28,14:22:18,BRAZO_INACTIVO,Alpha,,25,17
2026-04-28,14:22:18,BRAZO_INACTIVO,Beta,,22,84
2026-04-28,14:22:24,BRAZO_INACTIVO,Omega,,29,66
2026-04-28,14:22:24,BRAZO_ACTIVO,Paletizador,,
2026-04-28,14:22:25,DRON,,7,32,14
2026-04-28,14:22:25,BRAZO_ACTIVO,Alpha,,
2026-04-28,14:22:26,BRAZO_ACTIVO,Omega,,
2026-04-28,14:22:28,BRAZO_ACTIVO,Beta,,
2026-04-28,14:22:32,BRAZO_INACTIVO,Paletizador,,6,00
2026-04-28,14:22:32,CAJA,,7,
2026-04-28,14:22:53,BRAZO_INACTIVO,Alpha,,24,86
2026-04-28,14:22:54,BRAZO_INACTIVO,Beta,,22,90
2026-04-28,14:22:59,BRAZO_INACTIVO,Omega,,29,38
2026-04-28,14:22:59,BRAZO_ACTIVO,Paletizador,,
2026-04-28,14:23:01,DRON,,8,31,85
2026-04-28,14:23:01,BRAZO_ACTIVO,Alpha,,
2026-04-28,14:23:02,BRAZO_ACTIVO,Omega,,
2026-04-28,14:23:04,BRAZO_ACTIVO,Beta,,
2026-04-28,14:23:07,BRAZO_INACTIVO,Paletizador,,6,00
2026-04-28,14:23:07,CAJA,,8,
2026-04-28,14:23:30,BRAZO_INACTIVO,Alpha,,25,23
2026-04-28,14:23:30,BRAZO_INACTIVO,Beta,,22,95
2026-04-28,14:23:36,BRAZO_INACTIVO,Omega,,29,67
2026-04-28,14:23:36,BRAZO_ACTIVO,Paletizador,,
2026-04-28,14:23:37,DRON,,9,32,18
2026-04-28,14:23:37,BRAZO_ACTIVO,Alpha,,
2026-04-28,14:23:39,BRAZO_ACTIVO,Omega,,
2026-04-28,14:23:40,BRAZO_ACTIVO,Beta,,
2026-04-28,14:23:42,BRAZO_INACTIVO,Paletizador,,4,68
2026-04-28,14:23:42,CAJA,,9,
2026-04-28,14:24:06,BRAZO_INACTIVO,Alpha,,25,24
2026-04-28,14:24:06,BRAZO_INACTIVO,Beta,,23,19
2026-04-28,14:24:12,BRAZO_INACTIVO,Omega,,29,63
2026-04-28,14:24:12,BRAZO_ACTIVO,Paletizador,,
2026-04-28,14:24:14,DRON,,10,32,20
2026-04-28,14:24:14,BRAZO_ACTIVO,Alpha,,
2026-04-28,14:24:16,BRAZO_ACTIVO,Omega,,
2026-04-28,14:24:17,BRAZO_ACTIVO,Beta,,
2026-04-28,14:24:19,BRAZO_INACTIVO,Paletizador,,4,68
2026-04-28,14:24:19,CAJA,,10,
2026-04-28,14:24:43,BRAZO_INACTIVO,Alpha,,25,40
2026-04-28,14:24:43,BRAZO_INACTIVO,Beta,,23,35
2026-04-28,14:24:49,BRAZO_INACTIVO,Omega,,29,74
2026-04-28,14:24:49,BRAZO_ACTIVO,Paletizador,,
2026-04-28,14:24:51,DRON,,11,32,30
2026-04-28,14:24:51,BRAZO_ACTIVO,Alpha,,
2026-04-28,14:24:52,BRAZO_ACTIVO,Omega,,
2026-04-28,14:24:54,BRAZO_ACTIVO,Beta,,
2026-04-28,14:24:58,BRAZO_INACTIVO,Paletizador,,6,06
2026-04-28,14:24:58,CAJA,,11,
2026-04-28,14:25:20,BRAZO_INACTIVO,Alpha,,25,21
2026-04-28,14:25:21,BRAZO_INACTIVO,Beta,,23,53
2026-04-28,14:25:27,BRAZO_INACTIVO,Omega,,29,74
2026-04-28,14:25:27,BRAZO_ACTIVO,Paletizador,,
2026-04-28,14:25:28,DRON,,12,32,26
2026-04-28,14:25:28,BRAZO_ACTIVO,Alpha,,
2026-04-28,14:25:30,BRAZO_ACTIVO,Omega,,
2026-04-28,14:25:31,BRAZO_ACTIVO,Beta,,
2026-04-28,14:25:35,BRAZO_INACTIVO,Paletizador,,6,10
2026-04-28,14:25:35,CAJA,,12,
2026-04-28,14:25:58,BRAZO_INACTIVO,Alpha,,25,45
2026-04-28,14:25:58,BRAZO_INACTIVO,Beta,,23,77
2026-04-28,14:26:04,BRAZO_INACTIVO,Omega,,29,67
2026-04-28,14:26:04,BRAZO_ACTIVO,Paletizador,,
2026-04-28,14:26:05,DRON,,13,32,17
2026-04-28,14:26:05,BRAZO_ACTIVO,Alpha,,
2026-04-28,14:26:06,BRAZO_ACTIVO,Omega,,
2026-04-28,14:26:08,BRAZO_ACTIVO,Beta,,
2026-04-28,14:26:10,BRAZO_INACTIVO,Paletizador,,4,95
2026-04-28,14:26:10,CAJA,,13,
2026-04-28,14:26:33,BRAZO_INACTIVO,Beta,,22,86
2026-04-28,14:26:34,BRAZO_INACTIVO,Alpha,,25,60
2026-04-28,14:26:40,BRAZO_INACTIVO,Omega,,29,58
2026-04-28,14:26:40,BRAZO_ACTIVO,Paletizador,,
2026-04-28,14:26:41,DRON,,14,32,08
2026-04-28,14:26:41,BRAZO_ACTIVO,Alpha,,
2026-04-28,14:26:43,BRAZO_ACTIVO,Omega,,
2026-04-28,14:26:44,BRAZO_ACTIVO,Beta,,
2026-04-28,14:26:46,BRAZO_INACTIVO,Paletizador,,4,59
2026-04-28,14:26:46,CAJA,,14,
2026-04-28,14:27:10,BRAZO_INACTIVO,Alpha,,24,92
2026-04-28,14:27:10,BRAZO_INACTIVO,Beta,,22,93
2026-04-28,14:27:16,BRAZO_INACTIVO,Omega,,29,49
2026-04-28,14:27:16,BRAZO_ACTIVO,Paletizador,,
2026-04-28,14:27:17,DRON,,15,32,01
2026-04-28,14:27:17,BRAZO_ACTIVO,Alpha,,
2026-04-28,14:27:19,BRAZO_ACTIVO,Omega,,
2026-04-28,14:27:20,BRAZO_ACTIVO,Beta,,
2026-04-28,14:27:24,BRAZO_INACTIVO,Paletizador,,6,01
2026-04-28,14:27:24,CAJA,,15,
2026-04-28,14:27:46,BRAZO_INACTIVO,Alpha,,25,00
2026-04-28,14:27:46,BRAZO_INACTIVO,Beta,,23,33
2026-04-28,14:27:51,BRAZO_INACTIVO,Omega,,29,25
2026-04-28,14:27:51,BRAZO_ACTIVO,Paletizador,,
2026-04-28,14:27:53,DRON,,16,31,73
2026-04-28,14:27:53,BRAZO_ACTIVO,Alpha,,
2026-04-28,14:27:54,BRAZO_ACTIVO,Omega,,
2026-04-28,14:27:56,BRAZO_ACTIVO,Beta,,
2026-04-28,14:28:00,BRAZO_INACTIVO,Paletizador,,6,01
2026-04-28,14:28:00,CAJA,,16,
2026-04-28,14:28:21,BRAZO_INACTIVO,Beta,,22,47
2026-04-28,14:28:22,BRAZO_INACTIVO,Alpha,,25,10
2026-04-28,14:28:27,BRAZO_INACTIVO,Omega,,29,29
2026-04-28,14:28:27,BRAZO_ACTIVO,Paletizador,,
2026-04-28,14:28:29,DRON,,17,31,76
2026-04-28,14:28:29,BRAZO_ACTIVO,Alpha,,
2026-04-28,14:28:30,BRAZO_ACTIVO,Omega,,
2026-04-28,14:28:32,BRAZO_ACTIVO,Beta,,
2026-04-28,14:28:34,BRAZO_INACTIVO,Paletizador,,4,64
2026-04-28,14:28:34,CAJA,,17,
2026-04-28,14:28:57,BRAZO_INACTIVO,Alpha,,24,97
2026-04-28,14:28:58,BRAZO_INACTIVO,Beta,,23,28
2026-04-28,14:29:03,BRAZO_INACTIVO,Omega,,29,43
2026-04-28,14:29:03,BRAZO_ACTIVO,Paletizador,,
2026-04-28,14:29:04,DRON,,18,31,96
2026-04-28,14:29:05,BRAZO_ACTIVO,Alpha,,
2026-04-28,14:29:06,BRAZO_ACTIVO,Omega,,
2026-04-28,14:29:08,BRAZO_ACTIVO,Beta,,
2026-04-28,14:29:09,BRAZO_INACTIVO,Paletizador,,4,61
2026-04-28,14:29:09,CAJA,,18,
2026-04-28,14:29:33,BRAZO_INACTIVO,Beta,,22,68
2026-04-28,14:29:34,BRAZO_INACTIVO,Alpha,,25,64
2026-04-28,14:29:40,BRAZO_INACTIVO,Omega,,29,79
2026-04-28,14:29:40,BRAZO_ACTIVO,Paletizador,,
2026-04-28,14:29:41,DRON,,19,32,28
2026-04-28,14:29:41,BRAZO_ACTIVO,Alpha,,
2026-04-28,14:29:43,BRAZO_ACTIVO,Omega,,
2026-04-28,14:29:44,BRAZO_ACTIVO,Beta,,
2026-04-28,14:29:48,BRAZO_INACTIVO,Paletizador,,6,06
2026-04-28,14:29:48,CAJA,,19,
2026-04-28,14:30:10,BRAZO_INACTIVO,Beta,,22,80
2026-04-28,14:30:10,BRAZO_INACTIVO,Alpha,,25,46
2026-04-28,14:30:16,BRAZO_INACTIVO,Omega,,29,35
2026-04-28,14:30:16,BRAZO_ACTIVO,Paletizador,,
2026-04-28,14:30:17,DRON,,20,31,85
2026-04-28,14:30:17,BRAZO_ACTIVO,Alpha,,
2026-04-28,14:30:19,BRAZO_ACTIVO,Omega,,
2026-04-28,14:30:20,BRAZO_ACTIVO,Beta,,
2026-04-28,14:30:24,BRAZO_INACTIVO,Paletizador,,5,97
2026-04-28,14:30:24,CAJA,,20,
2026-04-28,14:30:47,BRAZO_INACTIVO,Alpha,,25,36
2026-04-28,14:30:47,BRAZO_INACTIVO,Beta,,23,08
2026-04-28,14:30:53,BRAZO_INACTIVO,Omega,,30,14
2026-04-28,14:30:53,BRAZO_ACTIVO,Paletizador,,
2026-04-28,14:30:54,DRON,,21,32,60
2026-04-28,14:30:54,BRAZO_ACTIVO,Alpha,,
2026-04-28,14:30:56,BRAZO_ACTIVO,Omega,,
2026-04-28,14:30:57,BRAZO_ACTIVO,Beta,,
2026-04-28,14:30:59,BRAZO_INACTIVO,Paletizador,,4,59
2026-04-28,14:30:59,CAJA,,21,
2026-04-28,14:31:22,BRAZO_INACTIVO,Beta,,22,54
2026-04-28,14:31:23,BRAZO_INACTIVO,Alpha,,25,57
2026-04-28,14:31:28,BRAZO_INACTIVO,Omega,,29,23
2026-04-28,14:31:28,BRAZO_ACTIVO,Paletizador,,
2026-04-28,14:31:30,DRON,,22,31,72
2026-04-28,14:31:30,BRAZO_ACTIVO,Alpha,,
2026-04-28,14:31:31,BRAZO_ACTIVO,Omega,,
2026-04-28,14:31:33,BRAZO_ACTIVO,Beta,,
2026-04-28,14:31:35,BRAZO_INACTIVO,Paletizador,,4,62
2026-04-28,14:31:35,CAJA,,22,
2026-04-28,14:31:58,BRAZO_INACTIVO,Beta,,22,54
2026-04-28,14:31:59,BRAZO_INACTIVO,Alpha,,25,18
2026-04-28,14:32:04,BRAZO_INACTIVO,Omega,,29,30
2026-04-28,14:32:04,BRAZO_ACTIVO,Paletizador,,
2026-04-28,14:32:06,DRON,,23,31,83
2026-04-28,14:32:06,BRAZO_ACTIVO,Alpha,,
2026-04-28,14:32:07,BRAZO_ACTIVO,Omega,,
2026-04-28,14:32:09,BRAZO_ACTIVO,Beta,,
2026-04-28,14:32:12,BRAZO_INACTIVO,Paletizador,,6,03
2026-04-28,14:32:12,CAJA,,23,
2026-04-28,14:32:34,BRAZO_INACTIVO,Alpha,,24,92
2026-04-28,14:32:34,BRAZO_INACTIVO,Beta,,22,96
2026-04-28,14:32:40,BRAZO_INACTIVO,Omega,,29,43
2026-04-28,14:32:40,BRAZO_ACTIVO,Paletizador,,
2026-04-28,14:32:41,DRON,,24,31,89
2026-04-28,14:32:41,BRAZO_ACTIVO,Alpha,,
2026-04-28,14:32:43,BRAZO_ACTIVO,Omega,,
2026-04-28,14:32:44,BRAZO_ACTIVO,Beta,,
2026-04-28,14:32:48,BRAZO_INACTIVO,Paletizador,,5,97
2026-04-28,14:32:48,CAJA,,24,
2026-04-28,14:33:10,BRAZO_INACTIVO,Alpha,,25,32
2026-04-28,14:33:10,BRAZO_INACTIVO,Beta,,23,04
2026-04-28,14:33:17,BRAZO_INACTIVO,Omega,,30,12
2026-04-28,14:33:17,BRAZO_ACTIVO,Paletizador,,
2026-04-28,14:33:18,DRON,,25,32,60
2026-04-28,14:33:18,BRAZO_ACTIVO,Alpha,,
2026-04-28,14:33:19,BRAZO_ACTIVO,Omega,,
2026-04-28,14:33:21,BRAZO_ACTIVO,Beta,,
2026-04-28,14:33:23,BRAZO_INACTIVO,Paletizador,,4,95
2026-04-28,14:33:23,CAJA,,25,
2026-04-28,14:33:46,BRAZO_INACTIVO,Beta,,22,70
2026-04-28,14:33:47,BRAZO_INACTIVO,Alpha,,25,42
2026-04-28,14:33:53,BRAZO_INACTIVO,Omega,,29,74
2026-04-28,14:33:53,BRAZO_ACTIVO,Paletizador,,
2026-04-28,14:33:54,DRON,,26,32,25
2026-04-28,14:33:55,BRAZO_ACTIVO,Alpha,,
2026-04-28,14:33:56,BRAZO_ACTIVO,Omega,,
2026-04-28,14:33:57,BRAZO_ACTIVO,Beta,,
2026-04-28,14:34:00,BRAZO_INACTIVO,Paletizador,,4,95
2026-04-28,14:34:00,CAJA,,26,
2026-04-28,14:34:23,BRAZO_INACTIVO,Beta,,22,68
2026-04-28,14:34:24,BRAZO_INACTIVO,Alpha,,25,41
2026-04-28,14:34:30,BRAZO_INACTIVO,Omega,,29,64
2026-04-28,14:34:30,BRAZO_ACTIVO,Paletizador,,
2026-04-28,14:34:31,DRON,,27,32,13
2026-04-28,14:34:31,BRAZO_ACTIVO,Alpha,,
2026-04-28,14:34:33,BRAZO_ACTIVO,Omega,,
2026-04-28,14:34:34,BRAZO_ACTIVO,Beta,,
2026-04-28,14:34:38,BRAZO_INACTIVO,Paletizador,,5,99
2026-04-28,14:34:38,CAJA,,27,
2026-04-28,14:35:00,BRAZO_INACTIVO,Alpha,,25,33
2026-04-28,14:35:00,BRAZO_INACTIVO,Beta,,23,04
2026-04-28,14:35:06,BRAZO_INACTIVO,Omega,,29,84
2026-04-28,14:35:06,BRAZO_ACTIVO,Paletizador,,
2026-04-28,14:35:07,DRON,,28,32,32
2026-04-28,14:35:08,BRAZO_ACTIVO,Alpha,,
2026-04-28,14:35:09,BRAZO_ACTIVO,Omega,,
2026-04-28,14:35:11,BRAZO_ACTIVO,Beta,,
2026-04-28,14:35:14,BRAZO_INACTIVO,Paletizador,,5,99
2026-04-28,14:35:14,CAJA,,28,
2026-04-28,14:35:37,BRAZO_INACTIVO,Alpha,,25,44
2026-04-28,14:35:38,BRAZO_INACTIVO,Beta,,23,50
2026-04-28,14:35:43,BRAZO_INACTIVO,Omega,,29,39
2026-04-28,14:35:43,BRAZO_ACTIVO,Paletizador,,
2026-04-28,14:35:44,DRON,,29,31,87
2026-04-28,14:35:44,BRAZO_ACTIVO,Alpha,,
2026-04-28,14:35:46,BRAZO_ACTIVO,Omega,,
2026-04-28,14:35:47,BRAZO_ACTIVO,Beta,,
2026-04-28,14:35:49,BRAZO_INACTIVO,Paletizador,,4,60
2026-04-28,14:35:49,CAJA,,29,
2026-04-28,14:36:12,BRAZO_INACTIVO,Beta,,23,24
2026-04-28,14:36:13,BRAZO_INACTIVO,Alpha,,25,87
2026-04-28,14:36:18,BRAZO_INACTIVO,Omega,,29,43
2026-04-28,14:36:18,BRAZO_ACTIVO,Paletizador,,
2026-04-28,14:36:19,DRON,,30,31,93
2026-04-28,14:36:19,BRAZO_ACTIVO,Alpha,,
2026-04-28,14:36:21,BRAZO_ACTIVO,Omega,,
2026-04-28,14:36:22,BRAZO_ACTIVO,Beta,,
2026-04-28,14:36:25,BRAZO_INACTIVO,Paletizador,,4,94
2026-04-28,14:36:25,CAJA,,30,
2026-04-28,14:36:48,BRAZO_INACTIVO,Beta,,22,69
2026-04-28,14:36:49,BRAZO_INACTIVO,Alpha,,25,40
2026-04-28,14:36:54,BRAZO_INACTIVO,Omega,,29,09
2026-04-28,14:36:54,BRAZO_ACTIVO,Paletizador,,
2026-04-28,14:36:55,DRON,,31,31,58
2026-04-28,14:36:55,BRAZO_ACTIVO,Alpha,,
2026-04-28,14:36:57,BRAZO_ACTIVO,Omega,,
2026-04-28,14:36:58,BRAZO_ACTIVO,Beta,,
2026-04-28,14:37:02,BRAZO_INACTIVO,Paletizador,,5,98
2026-04-28,14:37:02,CAJA,,31,
2026-04-28,14:37:24,BRAZO_INACTIVO,Alpha,,24,80
2026-04-28,14:37:24,BRAZO_INACTIVO,Beta,,22,85
2026-04-28,14:37:30,BRAZO_INACTIVO,Omega,,29,45
2026-04-28,14:37:30,BRAZO_ACTIVO,Paletizador,,
2026-04-28,14:37:31,DRON,,32,31,91
2026-04-28,14:37:31,BRAZO_ACTIVO,Alpha,,
2026-04-28,14:37:33,BRAZO_ACTIVO,Omega,,
2026-04-28,14:37:34,BRAZO_ACTIVO,Beta,,
2026-04-28,14:37:38,BRAZO_INACTIVO,Paletizador,,5,99
2026-04-28,14:37:38,CAJA,,32,
2026-04-28,14:38:00,BRAZO_INACTIVO,Alpha,,25,48
2026-04-28,14:38:00,BRAZO_INACTIVO,Beta,,23,19
2026-04-28,14:38:06,BRAZO_INACTIVO,Omega,,29,99
2026-04-28,14:38:06,BRAZO_ACTIVO,Paletizador,,
2026-04-28,14:38:08,DRON,,33,32,48
2026-04-28,14:38:08,BRAZO_ACTIVO,Alpha,,
2026-04-28,14:38:09,BRAZO_ACTIVO,Omega,,
2026-04-28,14:38:11,BRAZO_ACTIVO,Beta,,
2026-04-28,14:38:13,BRAZO_INACTIVO,Paletizador,,4,61
2026-04-28,14:38:13,CAJA,,33,
2026-04-28,14:38:36,BRAZO_INACTIVO,Alpha,,24,79
2026-04-28,14:38:36,BRAZO_INACTIVO,Beta,,22,78
2026-04-28,14:38:42,BRAZO_INACTIVO,Omega,,29,55
2026-04-28,14:38:42,BRAZO_ACTIVO,Paletizador,,
2026-04-28,14:38:43,DRON,,34,32,04
2026-04-28,14:38:44,BRAZO_ACTIVO,Alpha,,
2026-04-28,14:38:45,BRAZO_ACTIVO,Omega,,
2026-04-28,14:38:47,BRAZO_ACTIVO,Beta,,
2026-04-28,14:38:49,BRAZO_INACTIVO,Paletizador,,5,00
2026-04-28,14:38:49,CAJA,,34,
2026-04-28,14:39:12,BRAZO_INACTIVO,Beta,,22,77
2026-04-28,14:39:13,BRAZO_INACTIVO,Alpha,,25,76
2026-04-28,14:39:18,BRAZO_INACTIVO,Omega,,29,04
2026-04-28,14:39:18,BRAZO_ACTIVO,Paletizador,,
2026-04-28,14:39:20,DRON,,35,31,62
2026-04-28,14:39:20,BRAZO_ACTIVO,Alpha,,
2026-04-28,14:39:21,BRAZO_ACTIVO,Omega,,
2026-04-28,14:39:23,BRAZO_ACTIVO,Beta,,
2026-04-28,14:39:26,BRAZO_INACTIVO,Paletizador,,6,01
2026-04-28,14:39:26,CAJA,,35,
2026-04-28,14:39:49,BRAZO_INACTIVO,Alpha,,25,24
2026-04-28,14:39:49,BRAZO_INACTIVO,Beta,,23,28
2026-04-28,14:39:54,BRAZO_INACTIVO,Omega,,29,25
2026-04-28,14:39:54,BRAZO_ACTIVO,Paletizador,,
2026-04-28,14:39:55,DRON,,36,31,75
2026-04-28,14:39:56,BRAZO_ACTIVO,Alpha,,
2026-04-28,14:39:57,BRAZO_ACTIVO,Omega,,
2026-04-28,14:39:59,BRAZO_ACTIVO,Beta,,
2026-04-28,14:40:02,BRAZO_INACTIVO,Paletizador,,6,03
2026-04-28,14:40:02,CAJA,,36,
2026-04-28,14:40:25,BRAZO_INACTIVO,Alpha,,25,17
2026-04-28,14:40:25,BRAZO_INACTIVO,Beta,,22,88
2026-04-28,14:40:31,BRAZO_INACTIVO,Omega,,29,70
2026-04-28,14:40:31,BRAZO_ACTIVO,Paletizador,,
2026-04-28,14:40:32,DRON,,37,32,15
2026-04-28,14:40:32,BRAZO_ACTIVO,Alpha,,
2026-04-28,14:40:34,BRAZO_ACTIVO,Omega,,
2026-04-28,14:40:35,BRAZO_ACTIVO,Beta,,
2026-04-28,14:40:37,BRAZO_INACTIVO,Paletizador,,4,60
2026-04-28,14:40:37,CAJA,,37,
2026-04-28,14:41:00,BRAZO_INACTIVO,Beta,,22,84
2026-04-28,14:41:01,BRAZO_INACTIVO,Alpha,,25,56
2026-04-28,14:41:06,BRAZO_INACTIVO,Omega,,29,19
2026-04-28,14:41:06,BRAZO_ACTIVO,Paletizador,,
2026-04-28,14:41:08,DRON,,38,31,67
2026-04-28,14:41:08,BRAZO_ACTIVO,Alpha,,
2026-04-28,14:41:09,BRAZO_ACTIVO,Omega,,
2026-04-28,14:41:11,BRAZO_ACTIVO,Beta,,
2026-04-28,14:41:13,BRAZO_INACTIVO,Paletizador,,4,94
2026-04-28,14:41:13,CAJA,,38,
2026-04-28,14:41:36,BRAZO_INACTIVO,Beta,,22,39
2026-04-28,14:41:37,BRAZO_INACTIVO,Alpha,,25,33
2026-04-28,14:41:42,BRAZO_INACTIVO,Omega,,28,92
2026-04-28,14:41:42,BRAZO_ACTIVO,Paletizador,,
2026-04-28,14:41:43,DRON,,39,31,44
2026-04-28,14:41:44,BRAZO_ACTIVO,Alpha,,
2026-04-28,14:41:45,BRAZO_ACTIVO,Omega,,
2026-04-28,14:41:47,BRAZO_ACTIVO,Beta,,
2026-04-28,14:41:50,BRAZO_INACTIVO,Paletizador,,6,02
2026-04-28,14:41:50,CAJA,,39,
2026-04-28,14:42:12,BRAZO_INACTIVO,Alpha,,24,87
2026-04-28,14:42:12,BRAZO_INACTIVO,Beta,,22,57
2026-04-28,14:42:18,BRAZO_INACTIVO,Omega,,29,70
2026-04-28,14:42:18,BRAZO_ACTIVO,Paletizador,,
2026-04-28,14:42:20,DRON,,40,32,16
2026-04-28,14:42:20,BRAZO_ACTIVO,Alpha,,
2026-04-28,14:42:21,BRAZO_ACTIVO,Omega,,
2026-04-28,14:42:23,BRAZO_ACTIVO,Beta,,
2026-04-28,14:42:26,BRAZO_INACTIVO,Paletizador,,5,98
2026-04-28,14:42:26,CAJA,,40,
2026-04-28,14:42:49,BRAZO_INACTIVO,Alpha,,25,07
2026-04-28,14:42:49,BRAZO_INACTIVO,Beta,,23,42
2026-04-28,14:42:54,BRAZO_INACTIVO,Omega,,29,34
2026-04-28,14:42:54,BRAZO_ACTIVO,Paletizador,,
2026-04-28,14:42:55,DRON,,41,31,80
2026-04-28,14:42:56,BRAZO_ACTIVO,Alpha,,
2026-04-28,14:42:57,BRAZO_ACTIVO,Omega,,
2026-04-28,14:42:58,BRAZO_ACTIVO,Beta,,
2026-04-28,14:43:00,BRAZO_INACTIVO,Paletizador,,4,61
2026-04-28,14:43:00,CAJA,,41,
2026-04-28,14:43:25,BRAZO_INACTIVO,Alpha,,25,15
2026-04-28,14:43:25,BRAZO_INACTIVO,Beta,,23,14
2026-04-28,14:43:31,BRAZO_INACTIVO,Omega,,29,36
2026-04-28,14:43:31,BRAZO_ACTIVO,Paletizador,,
2026-04-28,14:43:32,DRON,,42,31,84
2026-04-28,14:43:32,BRAZO_ACTIVO,Alpha,,
2026-04-28,14:43:34,BRAZO_ACTIVO,Omega,,
2026-04-28,14:43:35,BRAZO_ACTIVO,Beta,,
2026-04-28,14:43:38,BRAZO_INACTIVO,Paletizador,,4,93
2026-04-28,14:43:38,CAJA,,42,
2026-04-28,14:44:01,BRAZO_INACTIVO,Beta,,22,51
2026-04-28,14:44:02,BRAZO_INACTIVO,Alpha,,25,45
2026-04-28,14:44:08,BRAZO_INACTIVO,Omega,,29,60
2026-04-28,14:44:08,BRAZO_ACTIVO,Paletizador,,
2026-04-28,14:44:09,DRON,,43,32,10
2026-04-28,14:44:09,BRAZO_ACTIVO,Alpha,,
2026-04-28,14:44:10,BRAZO_ACTIVO,Omega,,
2026-04-28,14:44:12,BRAZO_ACTIVO,Beta,,
2026-04-28,14:44:16,BRAZO_INACTIVO,Paletizador,,5,97
2026-04-28,14:44:16,CAJA,,43,
2026-04-28,14:44:38,BRAZO_INACTIVO,Alpha,,24,94
2026-04-28,14:44:38,BRAZO_INACTIVO,Beta,,23,29
2026-04-28,14:44:43,BRAZO_INACTIVO,Omega,,29,21
2026-04-28,14:44:43,BRAZO_ACTIVO,Paletizador,,
2026-04-28,14:44:45,DRON,,44,31,65
2026-04-28,14:44:45,BRAZO_ACTIVO,Alpha,,
2026-04-28,14:44:46,BRAZO_ACTIVO,Omega,,
2026-04-28,14:44:48,BRAZO_ACTIVO,Beta,,
2026-04-28,14:44:51,BRAZO_INACTIVO,Paletizador,,5,96
2026-04-28,14:44:51,CAJA,,44,
2026-04-28,14:45:14,BRAZO_INACTIVO,Alpha,,25,41
2026-04-28,14:45:15,BRAZO_INACTIVO,Beta,,23,47
2026-04-28,14:45:19,BRAZO_INACTIVO,Omega,,29,36
2026-04-28,14:45:19,BRAZO_ACTIVO,Paletizador,,
2026-04-28,14:45:21,DRON,,45,31,82
2026-04-28,14:45:21,BRAZO_ACTIVO,Alpha,,
2026-04-28,14:45:22,BRAZO_ACTIVO,Omega,,
2026-04-28,14:45:24,BRAZO_ACTIVO,Beta,,
2026-04-28,14:45:26,BRAZO_INACTIVO,Paletizador,,4,60
2026-04-28,14:45:26,CAJA,,45,
2026-04-28,14:45:49,BRAZO_INACTIVO,Alpha,,24,90
2026-04-28,14:45:50,BRAZO_INACTIVO,Beta,,22,91
2026-04-28,14:45:55,BRAZO_INACTIVO,Omega,,29,66
2026-04-28,14:45:55,BRAZO_ACTIVO,Paletizador,,
2026-04-28,14:45:56,DRON,,46,32,14
2026-04-28,14:45:57,BRAZO_ACTIVO,Alpha,,
2026-04-28,14:45:58,BRAZO_ACTIVO,Omega,,
2026-04-28,14:46:00,BRAZO_ACTIVO,Beta,,
2026-04-28,14:46:02,BRAZO_INACTIVO,Paletizador,,4,91
2026-04-28,14:46:02,CAJA,,46,
2026-04-28,14:46:25,BRAZO_INACTIVO,Beta,,22,55
2026-04-28,14:46:26,BRAZO_INACTIVO,Alpha,,25,50
2026-04-28,14:46:31,BRAZO_INACTIVO,Omega,,29,67
2026-04-28,14:46:31,BRAZO_ACTIVO,Paletizador,,
2026-04-28,14:46:33,DRON,,47,32,16
2026-04-28,14:46:33,BRAZO_ACTIVO,Alpha,,
2026-04-28,14:46:34,BRAZO_ACTIVO,Omega,,
2026-04-28,14:46:36,BRAZO_ACTIVO,Beta,,
2026-04-28,14:46:40,BRAZO_INACTIVO,Paletizador,,6,04
2026-04-28,14:46:40,CAJA,,47,
2026-04-28,14:47:01,BRAZO_INACTIVO,Alpha,,25,05
2026-04-28,14:47:02,BRAZO_INACTIVO,Beta,,23,05
2026-04-28,14:47:08,BRAZO_INACTIVO,Omega,,29,81
2026-04-28,14:47:08,BRAZO_ACTIVO,Paletizador,,
2026-04-28,14:47:09,DRON,,48,32,29
2026-04-28,14:47:09,BRAZO_ACTIVO,Alpha,,
2026-04-28,14:47:11,BRAZO_ACTIVO,Omega,,
2026-04-28,14:47:12,BRAZO_ACTIVO,Beta,,
2026-04-28,14:47:16,BRAZO_INACTIVO,Paletizador,,6,00
2026-04-28,14:47:16,CAJA,,48,
2026-04-28,14:47:38,BRAZO_INACTIVO,Alpha,,25,34
2026-04-28,14:47:38,BRAZO_INACTIVO,Beta,,23,06
2026-04-28,14:47:44,BRAZO_INACTIVO,Omega,,30,17
2026-04-28,14:47:44,BRAZO_ACTIVO,Paletizador,,
2026-04-28,14:47:45,DRON,,49,32,63
2026-04-28,14:47:46,BRAZO_ACTIVO,Alpha,,
2026-04-28,14:47:47,BRAZO_ACTIVO,Omega,,
2026-04-28,14:47:49,BRAZO_ACTIVO,Beta,,
2026-04-28,14:47:50,BRAZO_INACTIVO,Paletizador,,4,59
2026-04-28,14:47:50,CAJA,,49,
2026-04-28,14:48:14,BRAZO_INACTIVO,Beta,,22,60
2026-04-28,14:48:15,BRAZO_INACTIVO,Alpha,,25,87
2026-04-28,14:48:20,BRAZO_INACTIVO,Omega,,29,21
2026-04-28,14:48:20,BRAZO_ACTIVO,Paletizador,,
2026-04-28,14:48:21,DRON,,50,31,71
2026-04-28,14:48:21,BRAZO_ACTIVO,Alpha,,
2026-04-28,14:48:23,BRAZO_ACTIVO,Omega,,
2026-04-28,14:48:24,BRAZO_ACTIVO,Beta,,
2026-04-28,14:48:26,BRAZO_INACTIVO,Paletizador,,4,68
2026-04-28,14:48:26,CAJA,,50,
2026-04-28,14:48:50,BRAZO_INACTIVO,Alpha,,24,73
2026-04-28,14:48:50,BRAZO_INACTIVO,Beta,,22,67
2026-04-28,14:48:56,BRAZO_INACTIVO,Omega,,29,42
2026-04-28,14:48:56,BRAZO_ACTIVO,Paletizador,,
2026-04-28,14:48:57,DRON,,51,31,99
2026-04-28,14:48:57,BRAZO_ACTIVO,Alpha,,
2026-04-28,14:48:59,BRAZO_ACTIVO,Omega,,
2026-04-28,14:49:00,BRAZO_ACTIVO,Beta,,
2026-04-28,14:49:04,BRAZO_INACTIVO,Paletizador,,5,98
2026-04-28,14:49:04,CAJA,,51,
2026-04-28,14:49:26,BRAZO_INACTIVO,Alpha,,25,43
2026-04-28,14:49:26,BRAZO_INACTIVO,Beta,,23,15
2026-04-28,14:49:33,BRAZO_INACTIVO,Omega,,30,20
2026-04-28,14:49:33,BRAZO_ACTIVO,Paletizador,,
2026-04-28,14:49:34,DRON,,52,32,66
2026-04-28,14:49:34,BRAZO_ACTIVO,Alpha,,
2026-04-28,14:49:35,BRAZO_ACTIVO,Omega,,
2026-04-28,14:49:37,BRAZO_ACTIVO,Beta,,
2026-04-28,14:49:41,BRAZO_INACTIVO,Paletizador,,6,04
2026-04-28,14:49:41,CAJA,,52,
2026-04-28,14:50:03,BRAZO_INACTIVO,Alpha,,25,27
2026-04-28,14:50:03,BRAZO_INACTIVO,Beta,,22,94
2026-04-28,14:50:09,BRAZO_INACTIVO,Omega,,29,49
2026-04-28,14:50:09,BRAZO_ACTIVO,Paletizador,,
2026-04-28,14:50:10,DRON,,53,31,94
2026-04-28,14:50:10,BRAZO_ACTIVO,Alpha,,
2026-04-28,14:50:12,BRAZO_ACTIVO,Omega,,
2026-04-28,14:50:14,BRAZO_ACTIVO,Beta,,
2026-04-28,14:50:15,BRAZO_INACTIVO,Paletizador,,4,58
2026-04-28,14:50:15,CAJA,,53,
2026-04-28,14:50:39,BRAZO_INACTIVO,Alpha,,24,87
2026-04-28,14:50:39,BRAZO_INACTIVO,Beta,,22,88
2026-04-28,14:50:45,BRAZO_INACTIVO,Omega,,29,67
2026-04-28,14:50:45,BRAZO_ACTIVO,Paletizador,,
2026-04-28,14:50:46,DRON,,54,32,17
2026-04-28,14:50:46,BRAZO_ACTIVO,Alpha,,
2026-04-28,14:50:48,BRAZO_ACTIVO,Omega,,
2026-04-28,14:50:49,BRAZO_ACTIVO,Beta,,
2026-04-28,14:50:51,BRAZO_INACTIVO,Paletizador,,4,61
2026-04-28,14:50:51,CAJA,,54,
2026-04-28,14:51:15,BRAZO_INACTIVO,Alpha,,25,28
2026-04-28,14:51:15,BRAZO_INACTIVO,Beta,,23,28
2026-04-28,14:51:21,BRAZO_INACTIVO,Omega,,29,76
2026-04-28,14:51:21,BRAZO_ACTIVO,Paletizador,,
2026-04-28,14:51:22,DRON,,55,32,26
2026-04-28,14:51:22,BRAZO_ACTIVO,Alpha,,
2026-04-28,14:51:24,BRAZO_ACTIVO,Omega,,
2026-04-28,14:51:25,BRAZO_ACTIVO,Beta,,
2026-04-28,14:51:29,BRAZO_INACTIVO,Paletizador,,5,98
2026-04-28,14:51:29,CAJA,,55,
2026-04-28,14:51:51,BRAZO_INACTIVO,Alpha,,25,21
2026-04-28,14:51:52,BRAZO_INACTIVO,Beta,,23,26
2026-04-28,14:51:56,BRAZO_INACTIVO,Omega,,29,16
2026-04-28,14:51:56,BRAZO_ACTIVO,Paletizador,,
2026-04-28,14:51:58,DRON,,56,31,62
2026-04-28,14:51:58,BRAZO_ACTIVO,Alpha,,
2026-04-28,14:51:59,BRAZO_ACTIVO,Omega,,
2026-04-28,14:52:01,BRAZO_ACTIVO,Beta,,
2026-04-28,14:52:04,BRAZO_INACTIVO,Paletizador,,5,97
2026-04-28,14:52:04,CAJA,,56,
2026-04-28,14:52:27,BRAZO_INACTIVO,Alpha,,25,39
2026-04-28,14:52:28,BRAZO_INACTIVO,Beta,,23,44
2026-04-28,14:52:33,BRAZO_INACTIVO,Omega,,29,36
2026-04-28,14:52:33,BRAZO_ACTIVO,Paletizador,,
2026-04-28,14:52:34,DRON,,57,31,81
2026-04-28,14:52:34,BRAZO_ACTIVO,Alpha,,
2026-04-28,14:52:35,BRAZO_ACTIVO,Omega,,
2026-04-28,14:52:37,BRAZO_ACTIVO,Beta,,
2026-04-28,14:52:39,BRAZO_INACTIVO,Paletizador,,4,60
2026-04-28,14:52:39,CAJA,,57,
2026-04-28,14:53:03,BRAZO_INACTIVO,Beta,,22,99
2026-04-28,14:53:04,BRAZO_INACTIVO,Alpha,,25,34
2026-04-28,14:53:09,BRAZO_INACTIVO,Omega,,29,54
2026-04-28,14:53:09,BRAZO_ACTIVO,Paletizador,,
2026-04-28,14:53:10,DRON,,58,32,04
2026-04-28,14:53:11,BRAZO_ACTIVO,Alpha,,
2026-04-28,14:53:12,BRAZO_ACTIVO,Omega,,
2026-04-28,14:53:14,BRAZO_ACTIVO,Beta,,
2026-04-28,14:53:16,BRAZO_INACTIVO,Paletizador,,4,94
2026-04-28,14:53:16,CAJA,,58,
2026-04-28,14:53:40,BRAZO_INACTIVO,Beta,,22,56
2026-04-28,14:53:41,BRAZO_INACTIVO,Alpha,,25,60
2026-04-28,14:53:46,BRAZO_INACTIVO,Omega,,29,26
2026-04-28,14:53:46,BRAZO_ACTIVO,Paletizador,,
2026-04-28,14:53:47,DRON,,59,31,76
2026-04-28,14:53:47,BRAZO_ACTIVO,Alpha,,
2026-04-28,14:53:49,BRAZO_ACTIVO,Omega,,
2026-04-28,14:53:50,BRAZO_ACTIVO,Beta,,
2026-04-28,14:53:54,BRAZO_INACTIVO,Paletizador,,5,99
2026-04-28,14:53:54,CAJA,,59,
2026-04-28,14:54:16,BRAZO_INACTIVO,Alpha,,24,92
2026-04-28,14:54:16,BRAZO_INACTIVO,Beta,,22,98
2026-04-28,14:54:22,BRAZO_INACTIVO,Omega,,29,73
2026-04-28,14:54:22,BRAZO_ACTIVO,Paletizador,,
2026-04-28,14:54:23,DRON,,60,32,20
2026-04-28,14:54:24,BRAZO_ACTIVO,Alpha,,
2026-04-28,14:54:25,BRAZO_ACTIVO,Omega,,
2026-04-28,14:54:27,BRAZO_ACTIVO,Beta,,
2026-04-28,14:54:30,BRAZO_INACTIVO,Paletizador,,6,03
2026-04-28,14:54:30,CAJA,,60,
2026-04-28,14:54:53,BRAZO_INACTIVO,Alpha,,24,87
2026-04-28,14:54:53,BRAZO_INACTIVO,Beta,,22,57
2026-04-28,14:54:58,BRAZO_INACTIVO,Omega,,29,11
2026-04-28,14:54:58,BRAZO_ACTIVO,Paletizador,,
2026-04-28,14:54:59,DRON,,61,31,58
2026-04-28,14:55:00,BRAZO_ACTIVO,Alpha,,
2026-04-28,14:55:01,BRAZO_ACTIVO,Omega,,
2026-04-28,14:55:02,BRAZO_ACTIVO,Beta,,
2026-04-28,14:55:05,BRAZO_INACTIVO,Paletizador,,4,95
2026-04-28,14:55:05,CAJA,,61,
2026-04-28,14:55:28,BRAZO_INACTIVO,Beta,,22,61
2026-04-28,14:55:29,BRAZO_INACTIVO,Alpha,,25,56
2026-04-28,14:55:35,BRAZO_INACTIVO,Omega,,29,78
2026-04-28,14:55:35,BRAZO_ACTIVO,Paletizador,,
2026-04-28,14:55:36,DRON,,62,32,29
2026-04-28,14:55:37,BRAZO_ACTIVO,Alpha,,
2026-04-28,14:55:38,BRAZO_ACTIVO,Omega,,
2026-04-28,14:55:40,BRAZO_ACTIVO,Beta,,
2026-04-28,14:55:41,BRAZO_INACTIVO,Paletizador,,4,59
2026-04-28,14:55:41,CAJA,,62,
2026-04-28,14:56:05,BRAZO_INACTIVO,Alpha,,24,98
2026-04-28,14:56:05,BRAZO_INACTIVO,Beta,,22,99
2026-04-28,14:56:11,BRAZO_INACTIVO,Omega,,29,51
2026-04-28,14:56:11,BRAZO_ACTIVO,Paletizador,,
2026-04-28,14:56:12,DRON,,63,32,00
2026-04-28,14:56:12,BRAZO_ACTIVO,Alpha,,
2026-04-28,14:56:14,BRAZO_ACTIVO,Omega,,
2026-04-28,14:56:15,BRAZO_ACTIVO,Beta,,
2026-04-28,14:56:19,BRAZO_INACTIVO,Paletizador,,5,96
2026-04-28,14:56:19,CAJA,,63,
2026-04-28,14:56:42,BRAZO_INACTIVO,Alpha,,25,08
2026-04-28,14:56:42,BRAZO_INACTIVO,Beta,,23,52
2026-04-28,14:56:48,BRAZO_INACTIVO,Omega,,29,49
2026-04-28,14:56:48,BRAZO_ACTIVO,Paletizador,,
2026-04-28,14:56:49,DRON,,64,31,95
2026-04-28,14:56:49,BRAZO_ACTIVO,Alpha,,
2026-04-28,14:56:50,BRAZO_ACTIVO,Omega,,
2026-04-28,14:56:52,BRAZO_ACTIVO,Beta,,
2026-04-28,14:56:56,BRAZO_INACTIVO,Paletizador,,6,01
2026-04-28,14:56:56,CAJA,,64,
2026-04-28,14:57:17,BRAZO_INACTIVO,Beta,,22,45
2026-04-28,14:57:18,BRAZO_INACTIVO,Alpha,,25,37
2026-04-28,14:57:23,BRAZO_INACTIVO,Omega,,29,30
2026-04-28,14:57:23,BRAZO_ACTIVO,Paletizador,,
2026-04-28,14:57:25,DRON,,65,31,78
2026-04-28,14:57:25,BRAZO_ACTIVO,Alpha,,
2026-04-28,14:57:26,BRAZO_ACTIVO,Omega,,
2026-04-28,14:57:28,BRAZO_ACTIVO,Beta,,
2026-04-28,14:57:30,BRAZO_INACTIVO,Paletizador,,4,62
2026-04-28,14:57:30,CAJA,,65,
2026-04-28,14:57:53,BRAZO_INACTIVO,Alpha,,24,94
2026-04-28,14:57:54,BRAZO_INACTIVO,Beta,,23,27
2026-04-28,14:57:59,BRAZO_INACTIVO,Omega,,29,44
2026-04-28,14:57:59,BRAZO_ACTIVO,Paletizador,,
2026-04-28,14:58:00,DRON,,66,31,95
2026-04-28,14:58:01,BRAZO_ACTIVO,Alpha,,
2026-04-28,14:58:02,BRAZO_ACTIVO,Omega,,
2026-04-28,14:58:03,BRAZO_ACTIVO,Beta,,
2026-04-28,14:58:06,BRAZO_INACTIVO,Paletizador,,4,95
2026-04-28,14:58:06,CAJA,,66,
2026-04-28,14:58:29,BRAZO_INACTIVO,Beta,,22,77
2026-04-28,14:58:30,BRAZO_INACTIVO,Alpha,,25,49
2026-04-28,14:58:36,BRAZO_INACTIVO,Omega,,29,18
2026-04-28,14:58:36,BRAZO_ACTIVO,Paletizador,,
2026-04-28,14:58:37,DRON,,67,31,70
2026-04-28,14:58:37,BRAZO_ACTIVO,Alpha,,
2026-04-28,14:58:38,BRAZO_ACTIVO,Omega,,
2026-04-28,14:58:40,BRAZO_ACTIVO,Beta,,
2026-04-28,14:58:44,BRAZO_INACTIVO,Paletizador,,6,01
2026-04-28,14:58:44,CAJA,,67,
2026-04-28,14:59:06,BRAZO_INACTIVO,Alpha,,25,06
2026-04-28,14:59:06,BRAZO_INACTIVO,Beta,,23,10
2026-04-28,14:59:11,BRAZO_INACTIVO,Omega,,29,03
2026-04-28,14:59:11,BRAZO_ACTIVO,Paletizador,,
2026-04-28,14:59:12,DRON,,68,31,49
2026-04-28,14:59:13,BRAZO_ACTIVO,Alpha,,
2026-04-28,14:59:14,BRAZO_ACTIVO,Omega,,
2026-04-28,14:59:16,BRAZO_ACTIVO,Beta,,
2026-04-28,14:59:19,BRAZO_INACTIVO,Paletizador,,5,98
2026-04-28,14:59:19,CAJA,,68,
2026-04-28,14:59:42,BRAZO_INACTIVO,Alpha,,25,01
2026-04-28,14:59:42,BRAZO_INACTIVO,Beta,,22,73
2026-04-28,14:59:47,BRAZO_INACTIVO,Omega,,29,48
2026-04-28,14:59:47,BRAZO_ACTIVO,Paletizador,,
2026-04-28,14:59:49,DRON,,69,31,93
2026-04-28,14:59:49,BRAZO_ACTIVO,Alpha,,
2026-04-28,14:59:50,BRAZO_ACTIVO,Omega,,
2026-04-28,14:59:52,BRAZO_ACTIVO,Beta,,
2026-04-28,14:59:54,BRAZO_INACTIVO,Paletizador,,4,92
2026-04-28,14:59:54,CAJA,,69,
2026-04-28,15:00:17,BRAZO_INACTIVO,Beta,,22,30
2026-04-28,15:00:18,BRAZO_INACTIVO,Alpha,,25,34
2026-04-28,15:00:24,BRAZO_INACTIVO,Omega,,29,57
2026-04-28,15:00:24,BRAZO_ACTIVO,Paletizador,,
2026-04-28,15:00:25,DRON,,70,32,06
2026-04-28,15:00:25,BRAZO_ACTIVO,Alpha,,
2026-04-28,15:00:27,BRAZO_ACTIVO,Omega,,
2026-04-28,15:00:28,BRAZO_ACTIVO,Beta,,
2026-04-28,15:00:30,BRAZO_INACTIVO,Paletizador,,4,60
2026-04-28,15:00:30,CAJA,,70,
2026-04-28,15:00:54,BRAZO_INACTIVO,Alpha,,25,15
2026-04-28,15:00:54,BRAZO_INACTIVO,Beta,,22,82
2026-04-28,15:01:00,BRAZO_INACTIVO,Omega,,29,62
2026-04-28,15:01:00,BRAZO_ACTIVO,Paletizador,,
2026-04-28,15:01:01,DRON,,71,32,11
2026-04-28,15:01:01,BRAZO_ACTIVO,Alpha,,
2026-04-28,15:01:03,BRAZO_ACTIVO,Omega,,
2026-04-28,15:01:04,BRAZO_ACTIVO,Beta,,
2026-04-28,15:01:08,BRAZO_INACTIVO,Paletizador,,5,97
2026-04-28,15:01:08,CAJA,,71,
2026-04-28,15:01:30,BRAZO_INACTIVO,Alpha,,25,29
2026-04-28,15:01:30,BRAZO_INACTIVO,Beta,,23,00
2026-04-28,15:01:36,BRAZO_INACTIVO,Omega,,29,96
2026-04-28,15:01:36,BRAZO_ACTIVO,Paletizador,,
2026-04-28,15:01:37,DRON,,72,32,42
2026-04-28,15:01:37,BRAZO_ACTIVO,Alpha,,
2026-04-28,15:01:39,BRAZO_ACTIVO,Omega,,
2026-04-28,15:01:40,BRAZO_ACTIVO,Beta,,
2026-04-28,15:01:44,BRAZO_INACTIVO,Paletizador,,6,02
2026-04-28,15:01:44,CAJA,,72,
2026-04-28,15:02:06,BRAZO_INACTIVO,Beta,,22,44
2026-04-28,15:02:07,BRAZO_INACTIVO,Alpha,,25,35
2026-04-28,15:02:12,BRAZO_INACTIVO,Omega,,29,26
2026-04-28,15:02:12,BRAZO_ACTIVO,Paletizador,,
2026-04-28,15:02:13,DRON,,73,31,71
2026-04-28,15:02:13,BRAZO_ACTIVO,Alpha,,
2026-04-28,15:02:15,BRAZO_ACTIVO,Omega,,
2026-04-28,15:02:16,BRAZO_ACTIVO,Beta,,
2026-04-28,15:02:18,BRAZO_INACTIVO,Paletizador,,4,92
2026-04-28,15:02:18,CAJA,,73,
2026-04-28,15:02:42,BRAZO_INACTIVO,Beta,,22,69
2026-04-28,15:02:43,BRAZO_INACTIVO,Alpha,,25,64
2026-04-28,15:02:48,BRAZO_INACTIVO,Omega,,29,50
2026-04-28,15:02:48,BRAZO_ACTIVO,Paletizador,,
2026-04-28,15:02:49,DRON,,74,32,01
2026-04-28,15:02:49,BRAZO_ACTIVO,Alpha,,
2026-04-28,15:02:51,BRAZO_ACTIVO,Omega,,
2026-04-28,15:02:52,BRAZO_ACTIVO,Beta,,
2026-04-28,15:02:54,BRAZO_INACTIVO,Paletizador,,4,60
2026-04-28,15:02:54,CAJA,,74,
2026-04-28,15:03:18,BRAZO_INACTIVO,Beta,,22,71
2026-04-28,15:03:19,BRAZO_INACTIVO,Alpha,,25,66
2026-04-28,15:03:24,BRAZO_INACTIVO,Omega,,29,60
2026-04-28,15:03:24,BRAZO_ACTIVO,Paletizador,,
2026-04-28,15:03:25,DRON,,75,32,08
2026-04-28,15:03:25,BRAZO_ACTIVO,Alpha,,
2026-04-28,15:03:27,BRAZO_ACTIVO,Omega,,
2026-04-28,15:03:28,BRAZO_ACTIVO,Beta,,
2026-04-28,15:03:32,BRAZO_INACTIVO,Paletizador,,6,01
2026-04-28,15:03:32,CAJA,,75,
2026-04-28,15:03:54,BRAZO_INACTIVO,Alpha,,24,88
2026-04-28,15:03:54,BRAZO_INACTIVO,Beta,,22,92
2026-04-28,15:04:00,BRAZO_INACTIVO,Omega,,29,66
2026-04-28,15:04:00,BRAZO_ACTIVO,Paletizador,,
2026-04-28,15:04:01,DRON,,76,32,13
2026-04-28,15:04:02,BRAZO_ACTIVO,Alpha,,
2026-04-28,15:04:03,BRAZO_ACTIVO,Omega,,
2026-04-28,15:04:05,BRAZO_ACTIVO,Beta,,
2026-04-28,15:04:08,BRAZO_INACTIVO,Paletizador,,6,01
2026-04-28,15:04:08,CAJA,,76,
2026-04-28,15:04:31,BRAZO_INACTIVO,Alpha,,24,96
2026-04-28,15:04:31,BRAZO_INACTIVO,Beta,,22,99
2026-04-28,15:04:37,BRAZO_INACTIVO,Omega,,29,49
2026-04-28,15:04:37,BRAZO_ACTIVO,Paletizador,,
2026-04-28,15:04:38,DRON,,77,31,94
2026-04-28,15:04:38,BRAZO_ACTIVO,Alpha,,
2026-04-28,15:04:40,BRAZO_ACTIVO,Omega,,
2026-04-28,15:04:41,BRAZO_ACTIVO,Beta,,
2026-04-28,15:04:43,BRAZO_INACTIVO,Paletizador,,4,58
2026-04-28,15:04:43,CAJA,,77,
2026-04-28,15:05:06,BRAZO_INACTIVO,Alpha,,24,85
2026-04-28,15:05:07,BRAZO_INACTIVO,Beta,,22,86
2026-04-28,15:05:13,BRAZO_INACTIVO,Omega,,29,61
2026-04-28,15:05:13,BRAZO_ACTIVO,Paletizador,,
2026-04-28,15:05:14,DRON,,78,32,10
2026-04-28,15:05:14,BRAZO_ACTIVO,Alpha,,
2026-04-28,15:05:16,BRAZO_ACTIVO,Omega,,
2026-04-28,15:05:17,BRAZO_ACTIVO,Beta,,
2026-04-28,15:05:19,BRAZO_INACTIVO,Paletizador,,4,59
2026-04-28,15:05:19,CAJA,,78,
2026-04-28,15:05:42,BRAZO_INACTIVO,Beta,,22,23
2026-04-28,15:05:43,BRAZO_INACTIVO,Alpha,,25,18
2026-04-28,15:05:48,BRAZO_INACTIVO,Omega,,29,10
2026-04-28,15:05:48,BRAZO_ACTIVO,Paletizador,,
2026-04-28,15:05:49,DRON,,79,31,62
2026-04-28,15:05:50,BRAZO_ACTIVO,Alpha,,
2026-04-28,15:05:51,BRAZO_ACTIVO,Omega,,
2026-04-28,15:05:53,BRAZO_ACTIVO,Beta,,
2026-04-28,15:05:56,BRAZO_INACTIVO,Paletizador,,6,04
2026-04-28,15:05:56,CAJA,,79,
2026-04-28,15:06:18,BRAZO_INACTIVO,Alpha,,25,13
2026-04-28,15:06:19,BRAZO_INACTIVO,Beta,,23,18
2026-04-28,15:06:24,BRAZO_INACTIVO,Omega,,29,38
2026-04-28,15:06:24,BRAZO_ACTIVO,Paletizador,,
2026-04-28,15:06:25,DRON,,80,31,85
2026-04-28,15:06:25,BRAZO_ACTIVO,Alpha,,
2026-04-28,15:06:27,BRAZO_ACTIVO,Omega,,
2026-04-28,15:06:28,BRAZO_ACTIVO,Beta,,
2026-04-28,15:06:32,BRAZO_INACTIVO,Paletizador,,5,98
2026-04-28,15:06:32,CAJA,,80,
2026-04-28,15:06:54,BRAZO_INACTIVO,Alpha,,25,24
2026-04-28,15:06:55,BRAZO_INACTIVO,Beta,,23,29
2026-04-28,15:07:01,BRAZO_INACTIVO,Omega,,30,02
2026-04-28,15:07:01,BRAZO_ACTIVO,Paletizador,,
2026-04-28,15:07:02,DRON,,81,32,48
2026-04-28,15:07:02,BRAZO_ACTIVO,Alpha,,
2026-04-28,15:07:03,BRAZO_ACTIVO,Omega,,
2026-04-28,15:07:05,BRAZO_ACTIVO,Beta,,
2026-04-28,15:07:07,BRAZO_INACTIVO,Paletizador,,4,58
2026-04-28,15:07:07,CAJA,,81,
2026-04-28,15:07:30,BRAZO_INACTIVO,Alpha,,24,78
2026-04-28,15:07:31,BRAZO_INACTIVO,Beta,,22,80
2026-04-28,15:07:36,BRAZO_INACTIVO,Omega,,29,33
2026-04-28,15:07:36,BRAZO_ACTIVO,Paletizador,,
2026-04-28,15:07:37,DRON,,82,31,81
2026-04-28,15:07:38,BRAZO_ACTIVO,Alpha,,
2026-04-28,15:07:39,BRAZO_ACTIVO,Omega,,
2026-04-28,15:07:41,BRAZO_ACTIVO,Beta,,
2026-04-28,15:07:42,BRAZO_INACTIVO,Paletizador,,4,60
2026-04-28,15:07:42,CAJA,,82,
2026-04-28,15:08:06,BRAZO_INACTIVO,Beta,,22,70
2026-04-28,15:08:07,BRAZO_INACTIVO,Alpha,,25,66
2026-04-28,15:08:12,BRAZO_INACTIVO,Omega,,29,53
2026-04-28,15:08:12,BRAZO_ACTIVO,Paletizador,,
2026-04-28,15:08:13,DRON,,83,32,03
2026-04-28,15:08:14,BRAZO_ACTIVO,Alpha,,
2026-04-28,15:08:15,BRAZO_ACTIVO,Omega,,
2026-04-28,15:08:16,BRAZO_ACTIVO,Beta,,
2026-04-28,15:08:20,BRAZO_INACTIVO,Paletizador,,6,02
2026-04-28,15:08:20,CAJA,,83,
2026-04-28,15:08:42,BRAZO_INACTIVO,Alpha,,25,05
2026-04-28,15:08:43,BRAZO_INACTIVO,Beta,,23,09
2026-04-28,15:08:48,BRAZO_INACTIVO,Omega,,29,13
2026-04-28,15:08:48,BRAZO_ACTIVO,Paletizador,,
2026-04-28,15:08:49,DRON,,84,31,63
2026-04-28,15:08:50,BRAZO_ACTIVO,Alpha,,
2026-04-28,15:08:51,BRAZO_ACTIVO,Omega,,
2026-04-28,15:08:53,BRAZO_ACTIVO,Beta,,
2026-04-28,15:08:56,BRAZO_INACTIVO,Paletizador,,6,00
2026-04-28,15:08:56,CAJA,,84,
2026-04-28,15:09:19,BRAZO_INACTIVO,Alpha,,25,40
2026-04-28,15:09:19,BRAZO_INACTIVO,Beta,,23,12
2026-04-28,15:09:25,BRAZO_INACTIVO,Omega,,29,92
2026-04-28,15:09:25,BRAZO_ACTIVO,Paletizador,,
2026-04-28,15:09:26,DRON,,85,32,38
2026-04-28,15:09:26,BRAZO_ACTIVO,Alpha,,
2026-04-28,15:09:28,BRAZO_ACTIVO,Omega,,
2026-04-28,15:09:29,BRAZO_ACTIVO,Beta,,
2026-04-28,15:09:31,BRAZO_INACTIVO,Paletizador,,4,66
2026-04-28,15:09:31,CAJA,,85,
2026-04-28,15:09:54,BRAZO_INACTIVO,Alpha,,24,96
2026-04-28,15:09:54,BRAZO_INACTIVO,Beta,,22,89
2026-04-28,15:10:01,BRAZO_INACTIVO,Omega,,29,66
2026-04-28,15:10:01,BRAZO_ACTIVO,Paletizador,,
2026-04-28,15:10:02,DRON,,86,32,22
2026-04-28,15:10:02,BRAZO_ACTIVO,Alpha,,
2026-04-28,15:10:03,BRAZO_ACTIVO,Omega,,
2026-04-28,15:10:05,BRAZO_ACTIVO,Beta,,
2026-04-28,15:10:07,BRAZO_INACTIVO,Paletizador,,4,59
2026-04-28,15:10:07,CAJA,,86,
2026-04-28,15:10:30,BRAZO_INACTIVO,Beta,,22,25
2026-04-28,15:10:31,BRAZO_INACTIVO,Alpha,,25,19
2026-04-28,15:10:36,BRAZO_INACTIVO,Omega,,29,34
2026-04-28,15:10:36,BRAZO_ACTIVO,Paletizador,,
2026-04-28,15:10:37,DRON,,87,31,82
2026-04-28,15:10:38,BRAZO_ACTIVO,Alpha,,
2026-04-28,15:10:39,BRAZO_ACTIVO,Omega,,
2026-04-28,15:10:41,BRAZO_ACTIVO,Beta,,
2026-04-28,15:10:44,BRAZO_INACTIVO,Paletizador,,5,97
2026-04-28,15:10:44,CAJA,,87,
2026-04-28,15:11:06,BRAZO_INACTIVO,Alpha,,25,23
2026-04-28,15:11:07,BRAZO_INACTIVO,Beta,,23,28
2026-04-28,15:11:12,BRAZO_INACTIVO,Omega,,29,16
2026-04-28,15:11:12,BRAZO_ACTIVO,Paletizador,,
2026-04-28,15:11:13,DRON,,88,31,63
2026-04-28,15:11:13,BRAZO_ACTIVO,Alpha,,
2026-04-28,15:11:15,BRAZO_ACTIVO,Omega,,
2026-04-28,15:11:16,BRAZO_ACTIVO,Beta,,
2026-04-28,15:11:20,BRAZO_INACTIVO,Paletizador,,6,05
2026-04-28,15:11:20,CAJA,,88,
2026-04-28,15:11:42,BRAZO_INACTIVO,Alpha,,25,13
2026-04-28,15:11:42,BRAZO_INACTIVO,Beta,,23,09
2026-04-28,15:11:48,BRAZO_INACTIVO,Omega,,29,29
2026-04-28,15:11:48,BRAZO_ACTIVO,Paletizador,,
2026-04-28,15:11:49,DRON,,89,31,83
2026-04-28,15:11:49,BRAZO_ACTIVO,Alpha,,
2026-04-28,15:11:51,BRAZO_ACTIVO,Omega,,
2026-04-28,15:11:52,BRAZO_ACTIVO,Beta,,
2026-04-28,15:11:54,BRAZO_INACTIVO,Paletizador,,4,60
2026-04-28,15:11:54,CAJA,,89,
2026-04-28,15:12:17,BRAZO_INACTIVO,Beta,,22,39
2026-04-28,15:12:18,BRAZO_INACTIVO,Alpha,,25,69
2026-04-28,15:12:24,BRAZO_INACTIVO,Omega,,29,36
2026-04-28,15:12:24,BRAZO_ACTIVO,Paletizador,,
2026-04-28,15:12:25,DRON,,90,31,85
2026-04-28,15:12:25,BRAZO_ACTIVO,Alpha,,
2026-04-28,15:12:27,BRAZO_ACTIVO,Omega,,
2026-04-28,15:12:28,BRAZO_ACTIVO,Beta,,
2026-04-28,15:12:30,BRAZO_INACTIVO,Paletizador,,4,59
2026-04-28,15:12:30,CAJA,,90,
2026-04-28,15:12:54,BRAZO_INACTIVO,Beta,,22,48
2026-04-28,15:12:54,BRAZO_INACTIVO,Alpha,,25,52
2026-04-28,15:13:00,BRAZO_INACTIVO,Omega,,29,73
2026-04-28,15:13:00,BRAZO_ACTIVO,Paletizador,,
2026-04-28,15:13:01,DRON,,91,32,22
2026-04-28,15:13:02,BRAZO_ACTIVO,Alpha,,
2026-04-28,15:13:03,BRAZO_ACTIVO,Omega,,
2026-04-28,15:13:05,BRAZO_ACTIVO,Beta,,
2026-04-28,15:13:08,BRAZO_INACTIVO,Paletizador,,5,98
2026-04-28,15:13:08,CAJA,,91,
2026-04-28,15:13:30,BRAZO_INACTIVO,Alpha,,25,24
2026-04-28,15:13:31,BRAZO_INACTIVO,Beta,,23,29
2026-04-28,15:13:36,BRAZO_INACTIVO,Omega,,29,23
2026-04-28,15:13:36,BRAZO_ACTIVO,Paletizador,,
2026-04-28,15:13:37,DRON,,92,31,69
2026-04-28,15:13:37,BRAZO_ACTIVO,Alpha,,
2026-04-28,15:13:39,BRAZO_ACTIVO,Omega,,
2026-04-28,15:13:40,BRAZO_ACTIVO,Beta,,
2026-04-28,15:13:44,BRAZO_INACTIVO,Paletizador,,5,98
2026-04-28,15:13:44,CAJA,,92,
2026-04-28,15:14:06,BRAZO_INACTIVO,Alpha,,25,45
2026-04-28,15:14:06,BRAZO_INACTIVO,Beta,,23,17
2026-04-28,15:14:13,BRAZO_INACTIVO,Omega,,30,28
2026-04-28,15:14:13,BRAZO_ACTIVO,Paletizador,,
2026-04-28,15:14:14,DRON,,93,32,75
2026-04-28,15:14:14,BRAZO_ACTIVO,Alpha,,
2026-04-28,15:14:15,BRAZO_ACTIVO,Omega,,
2026-04-28,15:14:17,BRAZO_ACTIVO,Beta,,
2026-04-28,15:14:19,BRAZO_INACTIVO,Paletizador,,4,94
2026-04-28,15:14:19,CAJA,,93,
2026-04-28,15:14:42,BRAZO_INACTIVO,Beta,,22,32
2026-04-28,15:14:43,BRAZO_INACTIVO,Alpha,,25,35
2026-04-28,15:14:49,BRAZO_INACTIVO,Omega,,29,62
2026-04-28,15:14:49,BRAZO_ACTIVO,Paletizador,,
2026-04-28,15:14:50,DRON,,94,32,11
2026-04-28,15:14:50,BRAZO_ACTIVO,Alpha,,
2026-04-28,15:14:52,BRAZO_ACTIVO,Omega,,
2026-04-28,15:14:53,BRAZO_ACTIVO,Beta,,
2026-04-28,15:14:55,BRAZO_INACTIVO,Paletizador,,4,59
2026-04-28,15:14:55,CAJA,,94,
2026-04-28,15:15:19,BRAZO_INACTIVO,Alpha,,25,04
2026-04-28,15:15:19,BRAZO_INACTIVO,Beta,,23,37
2026-04-28,15:15:25,BRAZO_INACTIVO,Omega,,29,56
2026-04-28,15:15:25,BRAZO_ACTIVO,Paletizador,,
2026-04-28,15:15:26,DRON,,95,32,07
2026-04-28,15:15:26,BRAZO_ACTIVO,Alpha,,
2026-04-28,15:15:28,BRAZO_ACTIVO,Omega,,
2026-04-28,15:15:29,BRAZO_ACTIVO,Beta,,
2026-04-28,15:15:33,BRAZO_INACTIVO,Paletizador,,6,01
2026-04-28,15:15:33,CAJA,,95,
2026-04-28,15:15:55,BRAZO_INACTIVO,Beta,,22,42
2026-04-28,15:15:55,BRAZO_INACTIVO,Alpha,,25,34
2026-04-28,15:16:01,BRAZO_INACTIVO,Omega,,29,24
2026-04-28,15:16:01,BRAZO_ACTIVO,Paletizador,,
2026-04-28,15:16:02,DRON,,96,31,69
2026-04-28,15:16:02,BRAZO_ACTIVO,Alpha,,
2026-04-28,15:16:04,BRAZO_ACTIVO,Omega,,
2026-04-28,15:16:05,BRAZO_ACTIVO,Beta,,
2026-04-28,15:16:09,BRAZO_INACTIVO,Paletizador,,6,38
2026-04-28,15:16:09,CAJA,,96,
2026-04-28,15:16:32,BRAZO_INACTIVO,Alpha,,25,05
2026-04-28,15:16:32,BRAZO_INACTIVO,Beta,,23,03
2026-04-28,15:16:38,BRAZO_INACTIVO,Omega,,29,48
2026-04-28,15:16:38,BRAZO_ACTIVO,Paletizador,,
2026-04-28,15:16:39,DRON,,97,31,94
2026-04-28,15:16:40,BRAZO_ACTIVO,Alpha,,
2026-04-28,15:16:41,BRAZO_ACTIVO,Omega,,
2026-04-28,15:16:42,BRAZO_ACTIVO,Beta,,
2026-04-28,15:16:44,BRAZO_INACTIVO,Paletizador,,4,55
2026-04-28,15:16:44,CAJA,,97,
2026-04-28,15:17:08,BRAZO_INACTIVO,Beta,,22,54
2026-04-28,15:17:08,BRAZO_INACTIVO,Alpha,,24,93
2026-04-28,15:17:14,BRAZO_INACTIVO,Omega,,29,03
2026-04-28,15:17:14,BRAZO_ACTIVO,Paletizador,,
2026-04-28,15:17:15,DRON,,98,31,56
2026-04-28,15:17:15,BRAZO_ACTIVO,Alpha,,
2026-04-28,15:17:17,BRAZO_ACTIVO,Omega,,
2026-04-28,15:17:18,BRAZO_ACTIVO,Beta,,
2026-04-28,15:17:20,BRAZO_INACTIVO,Paletizador,,4,38
2026-04-28,15:17:20,CAJA,,98,
2026-04-28,15:17:44,BRAZO_INACTIVO,Beta,,22,28
2026-04-28,15:17:45,BRAZO_INACTIVO,Alpha,,25,41
2026-04-28,15:17:50,BRAZO_INACTIVO,Omega,,29,01
2026-04-28,15:17:50,BRAZO_ACTIVO,Paletizador,,
2026-04-28,15:17:51,DRON,,99,31,50
2026-04-28,15:17:52,BRAZO_ACTIVO,Alpha,,
2026-04-28,15:17:53,BRAZO_ACTIVO,Omega,,
2026-04-28,15:17:55,BRAZO_ACTIVO,Beta,,
2026-04-28,15:17:58,BRAZO_INACTIVO,Paletizador,,5,76
2026-04-28,15:17:58,CAJA,,99,
2026-04-28,15:18:21,BRAZO_INACTIVO,Beta,,23,14
2026-04-28,15:18:22,BRAZO_INACTIVO,Alpha,,25,97
2026-04-28,15:18:26,BRAZO_INACTIVO,Omega,,29,57
2026-04-28,15:18:26,BRAZO_ACTIVO,Paletizador,,
2026-04-28,15:18:28,DRON,,100,32,01
2026-04-28,15:18:33,BRAZO_INACTIVO,Paletizador,,5,68
2026-04-28,15:18:33,CAJA,,100,

RESUMEN
Drones ensamblados,100
Cajas paletizadas,100
Tiempo promedio dron (s),32,00
Tiempo minimo dron (s),31,44
Tiempo maximo dron (s),32,87

TIEMPO TOTAL POR BRAZO (segundos)
Beta,2291,31
Alpha,2526,83
Omega,2950,45
Paletizador,536,93

TIEMPO PROMEDIO POR ACTIVACION (segundos)
Beta,22,91,(de 100 activaciones)
Alpha,25,27,(de 100 activaciones)
Omega,29,50,(de 100 activaciones)
Paletizador,5,37,(de 100 activaciones)
